{
  "name": "@hps-internal/engine",
  "version": "0.1.0",
  "private": true,
  "type": "module",
  "main": "dist/index.js",
  "types": "dist/index.d.ts",
  "exports": {
    ".": {
      "types": "./dist/index.d.ts",
      "default": "./dist/index.js"
    },
    "./package.json": "./package.json"
  },
  "files": ["dist"],
  "scripts": {
    "build": "tsc -p tsconfig.build.json",
    "clean": "node -e \"require('fs').rmSync('dist',{recursive:true,force:true})\""
  },
  "devDependencies": {
    "typescript": "5.6.3",
    "@hps-internal/contracts": "workspace:*"
  }
}
